1,Carnegie Hall,Bryce Whitley,2022-04-07,Health
2,1941,Rafaellle Piggins,2018-10-03,Technology
3,Cannibal! The Musical (a.k.a. Alferd Packer: The Musical),Henri Kerne,2010-12-04,Science
4,11:14,Rutherford Meus,2014-04-09,Technology
5,Me and Him (Ich und Er),Shawn Tettersell,2009-12-27,Education
6,Sin City: A Dame to Kill For,Easter Bleaden,2012-11-04,Science
7,Beginning of an Unknown Era (Nachalo nevedomogo veka),Mariellen Longridge,2003-09-05,Education
8,How She Move,Kylen Rois,2005-07-18,Education
9,Come and Get It,Rebeca Beverage,2003-07-18,Health
10,"Devil and Max Devlin, The",Tabatha McCrann,2002-08-05,Science
11,Welcome to the Dollhouse,Blaine Kincey,2002-04-18,Education
12,Shadowboxer,Birgitta Imloch,2019-04-25,Science
13,Paris Is Burning,Regan Samwyse,2006-12-31,Education
14,Revenge of the Nerds IV: Nerds in Love,Gardiner Pentony,2012-10-09,Technology
15,A Pigeon Sat on a Branch Reflecting on Existence,Ludwig Chedzoy,2001-06-21,Health
16,Sun Valley Serenade,Wallie Towll,2004-03-13,Health
17,Tai Chi Hero,Carleton Ussher,2019-09-19,Technology
18,Frankenhooker,Judi Gaughan,2008-12-05,Technology
19,Nothing But the Truth,Vincent Thomsen,2016-04-30,Technology
20,Spare Bed-Room,Locke Sides,2012-10-08,Health
21,Kevin Hart: I'm a Grown Little Man,Rozalin Bonallick,2006-12-10,Education
22,News from Home,Koenraad Shields,2013-07-12,Education
23,In Darkness,Tina Rickeard,2004-08-20,Technology
24,Porco Rosso (Crimson Pig) (Kurenai no buta),Stillman Lievesley,2018-11-15,Education
25,High School High,Dolorita Amner,2022-10-07,Health
26,Battle Royale 2: Requiem (Batoru rowaiaru II: Chinkonka),Mozelle Lieb,2010-10-08,Science
27,My Bollywood Bride,Jaclyn Dallimore,2021-01-31,Science
28,Close to Home (Karov La Bayit),Kass Alejo,2001-08-20,Technology
29,The Shadow of the Eagle,Sanson Tizard,2010-12-03,Science
30,Trances,Cordelie Jon,2000-05-11,Technology
31,Privates on Parade,Shaine Oneil,2019-04-15,Science
32,Comes a Bright Day,Hestia MacGow,2016-04-20,Technology
33,Holy Flying Circus,Carlyle Joseff,2002-08-15,Education
34,"Hunt, The (Jagten)",Carroll Chaloner,2002-10-03,Education
35,Babylon XX,Etti Antoni,2005-06-17,Health
36,Marie and Bruce,Calley Vasiljevic,2022-08-03,Technology
37,Dragon Ball Z: The History of Trunks (Doragon bôru Z: Zetsubô e no hankô!! Nokosareta chô senshi - Gohan to Torankusu),Bartholomew Foulser,2015-10-26,Health
38,"Sound of Insects, The",Lelia Conklin,2012-07-06,Health
39,Divine Secrets of the Ya-Ya Sisterhood,Rona Redding,2016-09-22,Health
40,Yes,Pauletta Madgett,2009-08-05,Education
41,Gui Si (Silk),Allayne Skirling,2011-03-16,Technology
42,Cloudburst,Emanuel Whittlesey,2001-07-25,Technology
43,"Single Girl, A (Fille seule, La)",Marcelline Langdale,2015-10-25,Science
44,Flood,Parrnell Huckster,2015-01-29,Education
45,"Murder, He Says",Allin Mosco,2021-12-01,Technology
46,One Hour with You,Ellen Morin,2016-06-05,Education
47,Empire,Toddy Tarburn,2017-08-26,Education
48,Cops,Addy Klich,2014-04-10,Education
49,Regular Guys (Echte Kerle),Virgilio Swaffer,2000-09-24,Technology
50,Bengazi,Othelia Fer,2020-04-29,Health
51,"Sixth Sense, The",Randell Ruger,2013-10-07,Education
52,Quarantine 2: Terminal,Adolph Spilsburie,2015-07-11,Technology
53,We Own the Night,Ralph Pennycuick,2019-09-06,Health
54,Nobody Else But You (Poupoupidou),Franciska Fidock,2021-11-24,Technology
55,"Mosquito Net, The (La mosquitera)",Helga Mara,2021-01-20,Science
56,Kiss Me Goodbye,Lexis Klasing,2007-05-14,Education
57,No Regrets for Our Youth (Waga seishun ni kuinashi),Derick Giovanizio,2006-10-16,Science
58,Will Success Spoil Rock Hunter?,Phillida Guly,2023-04-03,Health
59,U2: Rattle and Hum,Trevar Ravenshaw,2023-01-02,Education
60,Chiko,Daryle Dunne,2005-01-07,Education
61,Deadline at Dawn,Karlyn Brader,2021-01-08,Science
62,"Great White Silence, The",Loralie McClarence,2016-04-13,Science
63,Of Snails and Men (Despre oameni si melci),Lucais Figgen,2023-12-25,Science
64,The... Beautiful Country,Imogene Lagadu,2009-07-23,Technology
65,Mickey,Lucian Widocks,2013-02-09,Science
66,Black or White,Chicky Colbourne,2013-06-13,Technology
67,"Magnetic Monster, The",Caralie Treadway,2020-03-28,Science
68,Long Time Dead,Tremain Joanaud,2003-03-12,Science
69,Baby... Secret of the Lost Legend,Kameko Verbeke,2010-01-23,Science
70,Salome's Last Dance,Arlene Marmion,2000-03-03,Health
71,I Will Follow You Into the Dark,Aguistin Rohmer,2009-07-18,Technology
72,Enid Is Sleeping,Enrika Seakes,2013-06-15,Technology
73,Badding,Pamela Stonnell,2002-03-02,Health
74,Tora-san Our Lovable Tramp (Otoko wa tsurai yo),Giffy Dicke,2009-07-18,Education
75,3 Extremes (Three... Extremes) (Saam gaang yi),Sherilyn Moggle,2017-02-20,Technology
76,"20,000 Leagues Under the Sea",Lida Cutmore,2003-08-23,Education
77,"Wonderful Ice Cream Suit, The",Terry Bendtsen,2019-07-20,Science
78,Hotel Terminus: The Life and Times of Klaus Barbie (Hôtel Terminus),Quinta Gibling,2009-02-06,Health
79,Rhyme & Reason,Yorker Hurleston,2007-12-05,Education
80,Were the World Mine,Latashia Hyndley,2006-10-19,Science
81,My Friend Flicka,Emery Benedite,2021-02-24,Education
82,Mohabbatein,Jessica Siveyer,2009-08-16,Education
83,Battleground,Rasia Piggen,2022-06-17,Science
84,"Sorry, Wrong Number",Gerhard Angliss,2014-04-07,Education
85,Km. 0 - Kilometer Zero (Kilómetro cero),Katleen Adlam,2007-10-28,Science
86,"Devil''s Own, The",Madeleine Whyffen,2018-09-27,Science
87,Dear Diary (Caro Diario),Dredi Rubi,2000-01-20,Education
88,Catlow,Alf Lambswood,2000-03-18,Technology
89,"Stranger in Town, A",Kipp Feldmark,2012-07-02,Health
90,Particle Fever,Ivett Akess,2019-09-12,Education
91,"Marquise of O, The (Marquise von O..., Die)",Read Gavriel,2017-06-05,Health
92,CBGB,Ellsworth Classen,2000-06-29,Science
93,West Is West,Shae Benedict,2019-03-01,Education
94,Fair Game,Marysa Loney,2014-04-01,Science
95,Double Take,Lawry Wint,2006-08-09,Technology
96,This Is My Life,Deanna Brotherwood,2011-12-28,Science
97,Maps to the Stars,Nicolle Rishworth,2000-02-05,Health
98,Destiny Turns on the Radio,Kristina Ledley,2010-08-26,Health
99,Kisses,Farra Hackforth,2008-12-07,Technology
100,Poltergeist II: The Other Side,Jessee Padmore,2004-05-22,Education
101,Polyester,Wallie Hargreaves,2006-05-27,Science
102,Palookaville,Javier Bayles,2019-05-23,Health
103,Morning Glory,Francklyn Kilban,2022-01-13,Technology
104,Love and Pain and the Whole Damn Thing,Sallie Stonary,2010-05-16,Technology
105,Mistress,Rube Di Frisco,2021-09-23,Science
106,Labyrinth of Passion (Laberinto de Pasiones),Mychal Gantlett,2007-02-17,Science
107,My Wife Is a Gangster 2 (Jopog manura 2: Dolaon jeonseol),Aveline Sellars,2007-04-05,Health
108,Joseph and the Amazing Technicolor Dreamcoat,Burton Sebrook,2020-01-28,Education
109,Presidentintekijät,Ag Haveline,2021-11-21,Education
110,I Don't Want to Talk About It (De eso no se habla),Koenraad Strood,2004-06-28,Education
111,88 Minutes,Zebulon Jacobsohn,2004-11-09,Technology
112,Quality Street,Hildagard O'Loughnan,2007-08-12,Health
113,Crazy Horse,Rodi Riseborough,2015-08-24,Education
114,Priest,Corrina Jack,2008-09-17,Technology
115,Your Life in 65 (Tu vida en 65'),Sallyanne Tavernor,2017-08-23,Education
116,Film Geek,Merrie Rosini,2013-01-28,Health
117,Living with the Fosters,Kurt Sautter,2023-05-21,Health
118,Hear My Song,Gabrila Aberdalgy,2015-06-09,Health
119,"Bride from Hades, The (Botan-dôrô) (Peony Lantern) (Tale of Peonies and Lanterns, A)",Alecia Danahar,2003-10-04,Health
120,Living with the Fosters,Baily Duxbarry,2011-07-03,Health
121,"Trou, Le (Hole, The) (Night Watch, The)",Tiffanie McMyler,2011-04-29,Science
122,"Tango Lesson, The",Marven Poe,2000-03-10,Education
123,Island of Lost Souls,Leodora Lawn,2000-05-31,Science
124,The Face of Love,Carlene Lownes,2017-04-02,Technology
125,Double Happiness,Verne Boothroyd,2009-07-29,Health
126,Blue,Neall Culshaw,2002-08-09,Technology
127,The Crowded Sky,Moreen Housen,2013-02-08,Technology
128,Romy and Michele's High School Reunion,Casper Dachey,2010-10-31,Education
129,Salomè,Marlee Argile,2017-04-06,Health
130,Real Men,Marla Coultas,2014-12-07,Health
131,"Bucket List, The",Jilleen Ratchford,2024-01-15,Technology
132,Casanova,Toni De Biaggi,2006-07-04,Education
133,Bitter Sweet,Tam Danielut,2023-05-19,Health
134,"Falcon and the Snowman, The",Jemmie Everett,2003-12-01,Education
135,Black Pond,Elora Cramond,2015-03-16,Technology
136,Vantage Point,Jeanine Tippetts,2002-12-30,Technology
137,Black Dog,Debi Gennrich,2013-01-31,Technology
138,"Liberation of L.B. Jones, The",Jesselyn MacCard,2011-07-30,Technology
139,Gun Shy,Gabbie Asken,2011-08-29,Health
140,Cobra,Mahala Grimditch,2012-07-10,Technology
141,Last Stop for Paul,Joelle Dumphry,2013-07-08,Technology
142,Tom at the Farm (Tom à la ferme),Lorinda Boothman,2006-11-04,Health
143,Love and Basketball,Morna Ninnotti,2014-05-07,Health
144,Ice Age 4: Continental Drift,August Clemmitt,2018-08-20,Health
145,Of Love and Shadows,Pascale Holywell,2003-06-07,Education
146,Beau Pere (a.k.a. Stepfather) (Beau-père),Dyanne Ringrose,2009-04-27,Science
147,Enigma,Karlee D'Alwis,2022-02-10,Education
148,Stalingrad,Carol-jean Brinkley,2006-07-22,Education
149,"Twelve Chairs, The",Chantalle Ghiotto,2011-01-13,Technology
150,Behaving Badly,Tani Wadly,2000-12-20,Technology
151,Seize the Day,Andrei Wareing,2009-02-02,Technology
152,Airbag,Robbie Stather,2022-05-24,Technology
153,Solaris (Solyaris),Alys Ebbrell,2001-02-04,Technology
154,Das Lied in mir,Corrie Delahunt,2006-01-23,Science
155,"Day of the Dolphin, The",Francisco Dinsdale,2001-09-07,Technology
156,Steal This Film,Leeland Risdall,2006-09-01,Health
157,"Holiday, The",Ab Novis,2012-03-26,Education
158,"Thing with Two Heads, The",Joceline Scaife,2008-06-10,Health
159,Hell (L'enfer),Eve Jannings,2012-05-23,Science
160,"Peacekeeper, The",Afton Hoovart,2011-02-14,Technology
161,You and Me,Kaleb Rydeard,2002-05-16,Education
162,Bank Error in Your Favour (Erreur de la banque en votre faveur),Betteanne Clingan,2023-01-10,Health
163,Kevin & Perry Go Large,Gonzalo Knapp,2004-02-17,Education
164,Second Best,Artemis Stemson,2015-09-14,Science
165,Buster Keaton: A Hard Act to Follow,Brandise Salmon,2007-07-02,Education
166,Dirt,Wain Condit,2019-03-25,Education
167,Triad Election (Election 2) (Hak se wui yi wo wai kwai),Violette Stile,2017-04-13,Education
168,Kites,Vivi Beech,2015-09-15,Education
169,American Hustle,Eartha Owenson,2007-03-17,Technology
170,Julius Caesar,Earvin Thying,2009-12-14,Education
171,"L-Shaped Room, The",Ellery Glaister,2022-04-03,Education
172,Tormented,Ferdie Rumney,2022-01-11,Education
173,"Love, Marilyn",Anni Canniffe,2006-12-27,Technology
174,Dragon Ball Z: Super Android 13! (Doragon bôru Z 7: Kyokugen batoru!! San dai sûpâ saiyajin),Maryjane Salery,2007-01-18,Technology
175,Bionicle 3: Web of Shadows,Andeee Trotter,2021-01-07,Education
176,Shinobi No Mono 3: Resurrection (Shin shinobi no mono),Jameson Tavinor,2019-10-19,Education
177,Max,Natasha Kettridge,2008-06-02,Technology
178,Who's Camus Anyway? (Kamyu nante shiranai),Bevan Beavington,2011-07-04,Education
179,"White Hunter, Black Heart",Winna Smith,2000-12-03,Technology
180,"Baron of Arizona, The",Wolfgang Beverstock,2013-12-01,Health
181,Quatermass and the Pit,Matilde Linskey,2001-03-11,Health
182,Mistaken for Strangers,Mikaela Dansey,2011-09-20,Education
183,Wuthering Heights,Burt Rosell,2015-05-22,Education
184,Eyes Wide Shut,Wilow Lambard,2003-05-11,Health
185,11 Harrowhouse,Joshuah Wellbank,2011-09-19,Science
186,"Greening of Whitney Brown, The",Nora Vasyatkin,2022-02-26,Education
187,Joe,Emlen Gallichiccio,2009-08-20,Technology
188,Boot Camp,Karola Arlett,2022-08-20,Education
189,Kaho Naa... Pyaar Hai,Nataline Pesak,2016-03-28,Science
190,Man's Favorite Sport?,Whitney Pheazey,2000-06-12,Education
191,Brotherhood,Tootsie Mansfield,2005-09-08,Science
192,"Work of Director Michel Gondry, The",Quinton Husset,2020-06-10,Technology
193,Iron Sky,Heindrick Bootland,2001-01-11,Technology
194,"Neon Bible, The",Ranique Uttridge,2023-07-02,Science
195,What Price Glory,Dorita Adicot,2020-11-24,Science
196,Mad Ron's Prevues from Hell,Fanchon Bau,2007-11-03,Technology
197,Joe's Apartment,Gray Ketteridge,2008-11-04,Education
198,"Contender, The",Yalonda Dimitrijevic,2009-11-15,Science
199,"Simple Wish, A",Honey Comoletti,2007-09-12,Technology
200,"Return of Dracula, The",Marcus Gapper,2009-01-29,Technology
201,"Last Seduction, The",Jennie Scurman,2006-05-08,Education
202,Braddock: Missing in Action III,Jedd Sindall,2008-03-14,Science
203,Circle of Deceit (Die Fälschung),Paige Spirritt,2001-08-27,Education
204,Phil Ochs: There But for Fortune,Emmerich Trippitt,2012-07-17,Health
205,Apartment 4E ,Trixie Castellino,2015-11-18,Science
206,The Green Years,Ethelbert Herrieven,2007-11-11,Technology
207,Tyler Perry's The Single Moms Club,Allie Harnett,2008-03-09,Education
208,Across the Tracks,Ericka Conahy,2010-10-02,Education
209,Gangster Squad,Danette Taffs,2000-04-05,Health
210,Ex Drummer,Amelia Eagling,2009-02-02,Technology
211,Pax Americana and the Weaponization of Space,Vaughn Visick,2004-11-10,Education
212,Quatsch und die Nasenbärbande,Carine Maulin,2011-12-15,Education
213,Track of the Cat,Franky Kuban,2016-07-19,Health
214,Help! I'm A Fish,Emiline Leeves,2010-01-29,Education
215,"Page Turner, The (Tourneuse de pages, La)",Flory Panting,2014-11-15,Education
216,Love Torn in Dream (Combat d'amour en songe),Dedie Scintsbury,2000-10-23,Education
217,Puss in Boots: The Three Diablos,Benedick Prandini,2011-09-20,Science
218,Central Station (Central do Brasil),Evyn Stonestreet,2023-05-01,Technology
219,Dream for an Insomniac,Cherry Harms,2015-05-18,Education
220,LennoNYC,Cleopatra Lewtey,2007-08-29,Science
221,Kiss or Kill,Dorolice Sokill,2001-12-02,Technology
222,"Harmonists, The",Luce Kumaar,2006-06-17,Education
223,Escuela de seducción,Inna Penny,2007-09-06,Health
224,Frenchmen 2,Whit Robiou,2004-08-21,Health
225,Dancing at Lughnasa,Ericha Petrov,2005-07-19,Education
226,Double Wedding,Zahara Patershall,2003-10-11,Science
227,Dinner with Friends,Reggi Peinke,2016-05-25,Technology
228,Wishmaster,Alanson Bollam,2020-08-09,Science
229,"Princess Diaries, The",Brynn Peizer,2001-04-19,Technology
230,Brokedown Palace,Kass Rendell,2019-10-25,Technology
231,Blackmail,Valina Cowe,2012-04-23,Technology
232,Spider-Man: The Ultimate Villain Showdown,Faustine Treacy,2007-02-13,Health
233,Southbounders,Renaldo Tytterton,2015-02-11,Health
234,Lips of Blood (Lèvres de sang),Odetta Oldfield-Cherry,2019-05-09,Education
235,Aziz Ansari: Dangerously Delicious,Curr Briton,2008-01-16,Science
236,Curse of the Golden Flower (Man cheng jin dai huang jin jia),Beverley Whyte,2012-03-28,Technology
237,Mars Needs Moms,Clarita Maclaine,2011-11-22,Health
238,Sleeping with Other People,Myca Ivins,2008-11-07,Health
239,King of California,Josi Waulker,2016-11-16,Technology
240,Faces of Death 2,Valle Shutle,2009-04-17,Technology
241,Arch of Triumph,Che Aymer,2014-03-19,Technology
242,"Friends at the Margherita Cafe, The (Gli amici del bar Margherita)",Noel Gibb,2000-02-12,Health
243,People in Places,Deidre Tindall,2018-12-08,Technology
244,"Kennedys, The",Rosemarie O'Heagertie,2021-08-03,Health
245,Hospital,Carleton Gradley,2021-03-26,Health
246,Cherry,Felicio Gomer,2004-10-04,Science
247,Gloria,Theodor Austwick,2008-04-25,Science
248,So Ends Our Night,Lurline Lowther,2016-11-28,Science
249,Start the Revolution Without Me,Barclay Waddup,2016-02-18,Technology
250,Navy Seals,Sheilah Downey,2003-10-21,Science
251,Steel Toes,Gery Hollidge,2003-12-23,Education
252,"Words, The",Nona Windus,2023-12-30,Health
253,The Big Sleep,Mady Ivanishev,2005-08-03,Health
254,Gypsy,Judy Dahill,2012-07-18,Education
255,David Cross: Let America Laugh,Arin Balas,2011-11-18,Technology
256,$ (Dollars),Rodie Sheirlaw,2015-03-03,Education
257,Mr. Hobbs Takes a Vacation,Chrotoem Dooley,2007-04-16,Health
258,Dazed and Confused,Brana Kach,2002-11-24,Education
259,"Accused, The",Dud Olivi,2000-11-27,Science
260,Saboteur,Allys Volk,2010-05-26,Education
261,Mulan II,Marieann Konneke,2024-03-05,Technology
262,"Fast & Furious 6 (Fast and the Furious 6, The)",Gerrilee Godbald,2017-02-03,Technology
263,Western,Diarmid Leadstone,2015-05-27,Technology
264,Nothing Left to Fear,Carmella Shatliffe,2020-12-25,Health
265,"Dirty Dozen, The: The Fatal Mission",Mill Beese,2012-06-21,Health
266,Pinchcliffe Grand Prix (Flåklypa Grand Prix),Roslyn Fivey,2005-10-16,Health
267,The Baker's Wife,Clywd Crockett,2011-02-05,Technology
268,Rockabilly Vampire,Cosimo Rasher,2014-05-25,Health
269,Starship Troopers,Noel Simionescu,2021-07-24,Technology
270,"Royal Scandal, A",Salomone Ferandez,2020-07-13,Technology
271,Deathtrap,Leroy Mesias,2000-10-21,Health
272,Compliance,Bevon ducarme,2014-05-22,Science
273,Picnic,Wini Matyja,2010-01-28,Education
274,"Prize of Peril, The (Prix du danger, Le)",Milicent Hardingham,2024-04-09,Technology
275,Sex and Death 101,Maud Jankowski,2018-05-18,Health
276,Shiloh,Burnaby Tubble,2008-11-18,Technology
277,Wild Hearts Can't Be Broken,Kary Becker,2004-08-04,Science
278,Adoration,Ebonee Lydiatt,2012-04-08,Science
279,Small Town of Anara (Qalaqi Anara),Nathanael Sommerton,2005-03-23,Technology
280,Pride and Prejudice,Wilbur Shawyers,2019-02-25,Technology
281,"Fire Within, The (Feu follet, Le)",Sibella Lober,2010-10-15,Science
282,"Catechism Cataclysm, The",Lynna Atwool,2017-05-07,Education
283,"Duel at Silver Creek, The",Alphonse Maccaig,2024-07-10,Technology
284,Larger Than Life,Ronald Kless,2014-01-05,Science
285,"Combat dans L''Ile, Le (Fire and Ice)",Christin Spanton,2020-02-19,Education
286,"Blind Menace, The (Shiranui kengyô)",Ulrika Lindsell,2019-03-04,Health
287,Say It Isn't So,Ailina Crehan,2007-06-08,Science
288,Avalanche,Earle Farquar,2010-12-25,Education
289,"Kuroneko (Black Cat from the Grove, The) (Yabu no naka no kuroneko)",Astrix Dismore,2001-08-05,Education
290,"Bruno (Dress Code, The)",Carmela Jerrems,2006-07-13,Technology
291,Overnight Delivery,Elie Bottomer,2007-10-04,Health
292,Decoys 2: Alien Seduction ,Lita Gadsdon,2012-01-09,Education
293,Honeymoons,Florrie Cowpe,2009-04-07,Science
294,"Promised Life, The (Vie promise, La)",Westleigh Ghilks,2014-08-11,Health
295,My Dear Desperado,Kirby Aidler,2002-08-27,Science
296,The Conrad Boys,Banky Trebbett,2008-11-15,Science
297,Country,Rhodie Cratchley,2022-10-25,Health
298,Emerald Cowboy,Blake Rosbottom,2019-12-31,Technology
299,Black and White,Jennine Rissen,2016-12-03,Education
300,Holy Man,Jeanie Tullis,2015-03-04,Science
301,Carancho,Janaya De Micoli,2012-04-06,Health
302,Samaritan Girl (Samaria),Benson Volks,2002-04-28,Health
303,Chinese Coffee,Lyssa Woolaston,2006-02-26,Education
304,"Barretts of Wimpole Street, The (a.k.a. Forbidden Alliance)",Hugues Tummasutti,2011-06-29,Science
305,Rated X: A Journey Through Porn,Corinna Hardy-Piggin,2017-06-12,Technology
306,"Missing Picture, The (L''image manquante)",Gustave Ygo,2023-09-02,Health
307,Amu,Raynor Cherry,2012-12-13,Health
308,"Man on the Train (Homme du train, L'')",Daria Gridley,2002-04-11,Education
309,Wilde,Abrahan Stanbrooke,2015-08-08,Education
310,"Jungo Goes Bananas: Jungo III (Jungledyret Hugo: Fræk, flabet og fri)",Tommi Shawyers,2009-08-04,Health
311,"Easy Come, Easy Go",Juana Greenough,2024-01-27,Science
312,Bulletproof,Dorene Biasetti,2016-04-07,Science
313,God Is the Bigger Elvis,Marinna Bayston,2022-07-07,Science
314,In the Heart of the Sea,Jillene Tardiff,2016-11-06,Health
315,Mister Johnson,Georgeanne Dedden,2019-05-10,Technology
316,Breath (Soom),Doug Maas,2006-09-04,Education
317,"Marva Collins Story, The",Sergeant Keable,2003-01-11,Education
318,Exodus,Darsie Dabrowski,2008-07-25,Education
319,Dope,Moll Witchard,2000-09-09,Science
320,Everything Is Illuminated,Maureene Tallant,2018-01-07,Science
321,"Jerky Boys, The",Judi Farish,2015-04-07,Health
322,"Zero Theorem, The",Mick Warde,2004-03-21,Science
323,Tristram Shandy: A Cock and Bull Story,Darlene Rassell,2000-02-04,Education
324,Darkman,Murvyn Ferrarini,2016-11-03,Education
325,An Alligator Named Daisy,Adamo Ruegg,2002-03-11,Technology
326,Ghost Rider,Erda Tupling,2009-01-12,Education
327,Napoleon and Samantha,Jacklyn Fauguel,2019-07-19,Technology
328,"Accused, The",Murielle Nicholls,2019-01-02,Technology
329,"Art of Crying, The (Kunsten at græde i kor)",Fiann Coronas,2005-02-02,Technology
330,"Tournament, The",Nolan Harriss,2023-01-18,Education
331,White Wedding (Noce blanche),Betty Sherwen,2006-11-29,Technology
332,American Crude,Annabal Spick,2014-12-16,Education
333,Dead of Night,Tanney Sandford,2015-10-30,Technology
334,Children of Invention,Georg Walewicz,2011-08-08,Health
335,"Geographer Drank His Globe Away, The (Geograf globus propil)",Laurena Remmers,2010-06-23,Health
336,"Boss of It All, The (Direktøren for det hele)",Kendrick Giovannilli,2012-10-09,Science
337,Fog City Mavericks,Ravid Castell,2002-09-29,Technology
338,Little Otik (Otesánek),Hugh Merman,2021-07-23,Education
339,"Petits ruisseaux, Les",Jasen Anstee,2009-12-29,Health
340,Fire Over England,Melanie Edensor,2014-05-21,Science
341,Mother,Remington Indge,2014-05-19,Education
342,Disorganized Crime,Mirella Dobson,2024-03-27,Technology
343,Firewalker,Lorrin Plane,2000-01-16,Science
344,Attack Force Z (a.k.a. The Z Men) (Z-tzu te kung tui),Trueman Paoloni,2002-09-21,Health
345,Space,Nicol Alliker,2007-12-12,Technology
346,"Great Magician, The (Daai mo seut si)",Sofia Landsman,2021-08-01,Technology
347,Summer Wars (Samâ wôzu),Viola Pardal,2011-09-03,Education
348,"People That Time Forgot, The",Denver Benkhe,2004-09-02,Science
349,Miami Blues,Siusan Jaquin,2023-08-28,Health
350,"Thirteenth Floor, The",Diannne Harrisson,2013-05-03,Science
351,100 Bloody Acres,Angelica Joannidi,2014-06-03,Health
352,"Mark of Zorro, The",Liuka Mc Gee,2016-08-04,Technology
353,"Jeanne Dielman, 23 Quai du Commerce, 1080 Bruxelles",Adella Ketchaside,2012-09-01,Science
354,Crockdale,Dag Clarke-Williams,2011-07-25,Science
355,Das Leben ist nichts für Feiglinge,Rosita Vickers,2012-06-30,Education
356,Eat Pray Love,Kermy Rickis,2007-12-23,Health
357,"Princess and the Warrior, The (Krieger und die Kaiserin, Der)",Uriel Lias,2015-06-24,Science
358,Nemesis 3: Time Lapse,Emilie Attwooll,2022-11-30,Science
359,Get on the Bus,Freddy Laingmaid,2001-02-26,Education
360,Pauline détective,Tamma Craxford,2007-05-29,Science
361,Going Postal,Judd Wilne,2003-01-18,Health
362,"Black Waters of Echo''s Pond, The",Vidovik Heber,2005-04-01,Health
363,Murph: The Protector,Wileen Glencros,2003-07-07,Science
364,Tables Turned on the Gardener,Grantley Gavaran,2017-06-29,Health
365,Hollow Reed,Wilmer Skippings,2002-10-01,Technology
366,4,Trey Challace,2001-02-01,Technology
367,Snowbeast,Cecilio Janssen,2001-05-04,Education
368,Intouchables,Madalyn Kordes,2007-01-26,Science
369,"Cost of Living, The (Le coût de la vie)",Charita Jobin,2020-06-22,Science
370,"View from the Top, A",Leonelle Churchill,2012-05-14,Technology
371,"Crystal Ball, The",Wenda Franzewitch,2014-10-25,Technology
372,"House of Small Cubes, The (Tsumiki no ie)",Marigold Hazleton,2001-02-07,Education
373,White Fang 2: Myth of the White Wolf,Elonore O' Hanvey,2012-03-24,Education
374,"Man Next Door, The (El hombre de al lado)",Dud Gatecliffe,2013-06-21,Technology
375,Secret Honor,Emylee Valenti,2000-11-29,Health
376,Blow,Annelise Hopfner,2015-06-20,Technology
377,"Lizzie McGuire Movie, The",Buckie Decruse,2022-05-14,Health
378,Beware of a Holy Whore (Warnung vor einer heiligen Nutte),Zachery Davern,2014-08-30,Technology
379,10 Items or Less,Viki Redgrove,2023-02-05,Education
380,"Terror''s Advocate (Avocat de la terreur, L'')",Francyne Kearn,2007-11-30,Technology
381,Never on Sunday (Pote tin Kyriaki),Kareem Rosevear,2021-02-22,Education
382,Crying Freeman,Shep Lamborne,2004-06-18,Science
383,"Color Wheel, The",Caitrin Knighton,2014-06-12,Science
384,"North Star, The",Nev Bolduc,2013-07-14,Health
385,Lilla Jönssonligan och Cornflakeskuppen,Wren Shallcroff,2002-05-24,Health
386,Tenchi: The Samurai Astronomer,Bellanca Jiruca,2002-09-11,Technology
387,Children of Paradise (Les enfants du paradis),Estel Tibbotts,2006-10-04,Science
388,"Tomorrow, When the War Began",Marcile McKaile,2023-10-15,Health
389,"Garage, The",Gavra Collinson,2024-06-02,Science
390,Def-Con 4,Ambur Northrop,2010-11-18,Technology
391,"House of Exorcism, The (a.k.a. Lisa and the Devil) (Casa dell''esorcismo, La)",Gan Jonuzi,2001-02-11,Science
392,"Long Gray Line, The",Ivy Whiffin,2007-11-26,Technology
393,Big,Willis Clawe,2022-12-21,Technology
394,StarStruck,Gene Barhem,2019-01-16,Technology
395,Edge of Darkness,Lorrayne Rangell,2008-04-06,Science
396,Young Adam,Huey Gwalter,2013-08-13,Technology
397,Let's Kill Ward's Wife,Angelika Coit,2008-03-21,Technology
398,Me tulemme taas,Zachery Dalrymple,2017-12-24,Health
399,"Hedgehog, The (Le hérisson)",Rois Blazeby,2000-08-17,Education
400,Armored,Bailie Chrismas,2013-03-18,Education
401,Gozu (Gokudô kyôfu dai-gekijô: Gozu),Kacy Stitfall,2003-02-20,Science
402,"Silent Night, Deadly Night",Briano Thorald,2014-01-17,Education
403,16 Blocks,Lyn Dark,2024-05-24,Science
404,Strange Voyage,Steve Fitzpatrick,2018-05-21,Technology
405,Hey Ram,Diego Kimmel,2001-11-14,Technology
406,"Perfect Fake, A",Nathaniel Ravens,2006-07-16,Technology
407,Hideaway,Valentine Mistry,2006-08-11,Technology
408,Ferris Bueller's Day Off,Francesca Hunnybun,2006-10-14,Science
409,"Devil''s Nightmare, The (Plus longue nuit du diable, La)",Hart Hargreves,2023-02-20,Science
410,Monkey Business,Marcy Dunlop,2011-02-02,Health
411,Immortal Beloved,Parry Pellamonuten,2014-09-04,Health
412,"Illusionist, The (L''illusionniste)",Barton Couronne,2008-08-14,Technology
413,Terror in a Texas Town,Daphene Fish,2020-02-21,Science
414,Pups,Dari Hearnshaw,2001-06-15,Technology
415,Fearful Symmetry: The Making of 'To Kill a Mockingbird',Kristan D'Costa,2022-02-01,Health
416,Long Live Death (Viva la muerte),Natty Kolakovic,2015-01-25,Health
417,"Big Combo, The",Eartha Trowel,2012-03-07,Health
418,"War of the Roses, The",Roi Vasilyevski,2024-08-22,Technology
419,Giants and Toys (Kyojin to gangu),Natalina Linnane,2011-03-20,Technology
420,"Prince and the Pauper, The",Gian Iwaszkiewicz,2018-12-28,Science
421,"One, Two, Three",Loni Kinner,2014-08-16,Science
422,"Little Princess, A",Dasi Arpe,2024-07-16,Health
423,Not Safe for Work,Alaric Mennithorp,2015-02-28,Science
424,Ringu 2 (Ring 2),Timothea Gwyn,2024-02-17,Health
425,The Hire: Beat the Devil,Westley Knightsbridge,2015-07-29,Education
426,Hellraiser: Revelations,Talbert Ingon,2017-09-17,Education
427,The Man Who Could Cheat Death,Darcey Brixey,2022-02-13,Technology
428,"Fugitive Kind, The",Angela Goligher,2014-01-30,Technology
429,Dragon Eyes,Sue Rohlf,2013-04-29,Science
430,"Substitute, The (Vikaren)",Barbara-anne Golton,2018-10-18,Education
431,Punksters & Youngsters (Punk - Tauti joka ei tapa),Dinny Stillert,2007-08-01,Technology
432,Bad Girls Go To Hell,Betteann Stannion,2004-10-27,Technology
433,Mystery Men,Bee Moppett,2018-07-22,Science
434,"Dispatch from Reuter''s, A",Derrek Patek,2006-05-01,Science
435,Greetings,Jeri Feldbrin,2003-11-29,Health
436,Ticking Clock,Franciskus Scarlett,2017-06-25,Technology
437,Bride Flight,Oralee Pietzke,2012-07-21,Education
438,One Sunday Afternoon,Emmy Canet,2007-04-28,Education
439,Wild Horses (Caballos salvajes),Suki Fazackerley,2004-11-11,Education
440,"Prince of Tides, The",Laurel Talloe,2000-03-07,Technology
441,Mon oncle d'Amérique,Shannon Flannery,2009-09-13,Science
442,Jane Austen in Manhattan,Rebeca Gleeson,2019-01-13,Health
443,Lucie Aubrac,Chrissy Afield,2008-09-22,Science
444,Fugitive Pieces,Bev Irce,2002-05-26,Technology
445,"Rich, Young and Pretty",Charley Ladewig,2020-06-17,Technology
446,Chad Hanna,Milicent Bresnen,2018-10-19,Science
447,Bedazzled,Felipe MacCurley,2012-05-08,Science
448,Edge of Madness,Nancey Brand,2003-09-27,Health
449,Secret Window,Casper Noad,2007-10-21,Education
450,Blood and Sand (Sangre y Arena),Hilde Prestner,2008-01-09,Science
451,Philadelphia Experiment II,Roxie Denys,2020-05-20,Education
452,Never Met Picasso,Fidole MacLise,2022-10-09,Health
453,Summer Lovers,Eimile McClinton,2004-04-16,Health
454,Kung Fu Dunk,Xylina Bechley,2013-04-14,Science
455,This Means War,Eveline Fancutt,2001-09-07,Education
456,Palais royal !,Oswell Caesar,2022-06-07,Health
457,Super,Derwin Laborda,2000-11-29,Education
458,Chasing Papi (a.k.a. Papi Chulo),Marylou Matuszyk,2021-08-01,Education
459,The Wonders,Mabelle Gamblin,2000-12-15,Science
460,"Dirty Carnival, A (Biyeolhan geori)",Branden Reichartz,2016-08-30,Health
461,Mortal Kombat,Ibbie Bernucci,2020-03-04,Health
462,Nothing About Robert (Rien sur Robert),Skelly Howland,2018-03-05,Health
463,Gantz: Perfect Answer,Katee Larne,2015-07-25,Education
464,Body Parts,Desirae O'Harney,2005-08-03,Health
465,I Love Your Work,Adolphus Zannini,2005-05-26,Technology
466,"Wonderful Crook, The (Pas si méchant que ça)",Marcelle Shelvey,2021-12-13,Science
467,The Great Spy Chase,Misti Abbey,2016-08-11,Education
468,"Unforgiven, The",Theodosia Antal,2000-01-10,Health
469,Miracle at St. Anna,Selina Eamer,2004-12-14,Health
470,Iron Man 3,Ingrid Thorp,2023-07-07,Technology
471,"Strawberry Blonde, The",Der Rany,2020-12-05,Science
472,Marjorie Morningstar,Rurik Ardern,2010-09-24,Science
473,Queen - Rock Montreal,Issy Meeus,2019-04-30,Health
474,"Lusty Men, The",Milton Eakeley,2009-10-20,Technology
475,London - The Modern Babylon ,Sylas Waller,2021-12-17,Health
476,Johnny Eager,Latisha Eberlein,2015-06-04,Science
477,Killer: A Journal of Murder,Kandy Gaishson,2022-02-27,Technology
478,Vares: Private Eye (Vares - Yksityisetsivä),Kent Bucher,2003-05-04,Technology
479,"Hitch Hike (Autostop rosso sangue) (Naked Prey, The)",Elvis Whetson,2003-09-27,Science
480,Spy Kids 3-D: Game Over,Amerigo Sargison,2002-06-30,Science
481,"Hard Way, The",Jere Liddel,2001-07-12,Technology
482,Change of Address (Changement d'adresse),Shaina Mattedi,2023-10-06,Technology
483,"Lady of Chance, A",Brooks McGarahan,2016-12-04,Technology
484,"Black Orchid, The",Jordon Arias,2010-11-12,Science
485,"Babadook, The",Kiel Cornell,2018-09-04,Education
486,Splinterheads,Brandea Spinola,2021-07-12,Technology
487,Taste the Blood of Dracula,Shir Thickin,2024-01-28,Education
488,Burn After Reading,Etty Danielovitch,2002-08-09,Health
489,"Baxter, The",Leonid Petters,2017-07-15,Science
490,Black White + Gray: A Portrait of Sam Wagstaff and Robert Mapplethorpe ,Maryjo Macieiczyk,2017-10-14,Education
491,Executioners from Shaolin,Abrahan Fogarty,2001-03-27,Education
492,Beyond the Law (Beyond the Law - Blue),Frederica Juan,2022-04-08,Health
493,Chicago Cab (a.k.a. Hellcab),Delcine Colcutt,2023-04-30,Technology
494,Needful Things,Kizzee Osbaldeston,2011-09-14,Health
495,Luther,Jeth Cowope,2022-09-06,Health
496,Byzantium,Hendrik Sutherden,2001-12-16,Health
497,Tribes,Rupert Olenichev,2005-06-10,Health
498,Uncounted: The New Math of American Elections,Sascha Radley,2016-05-16,Education
499,Heavy Metal Parking Lot,Micheline Duthie,2019-09-07,Health
500,Phish: Bittersweet Motel,Annabel Cheng,2003-03-28,Education
501,Uncounted: The New Math of American Elections,Doreen Ogden,2010-03-22,Science
502,"Liar, The (Valehtelija)",Corissa Stathor,2000-11-16,Science
503,Don't Drink the Water,Janina Falconbridge,2013-01-10,Technology
504,"Big Doll House, The",Levey Draude,2016-08-07,Health
505,Hav Plenty,Maxie Christon,2009-09-19,Education
506,Music Box,Biron Lillywhite,2003-03-08,Technology
507,Wedding Trough (Vase de noces),Donnie Casiroli,2007-08-29,Health
508,City Island,Jacquette Boyall,2023-09-18,Technology
509,The Captains,Buddie Mosdell,2020-01-22,Science
510,Generation P,Yurik Fesby,2006-10-06,Science
511,"Neighbor, The",Minna Gellier,2008-04-17,Health
512,"Iceberg, L''",Stephen Stannering,2010-05-15,Science
513,Shamus,Giraldo McPhelimy,2008-02-17,Education
514,La Rabbia,Sidonia Spurritt,2015-04-30,Technology
515,Season of Monsters (Szörnyek évadja) ,Arlena Lavrinov,2009-04-01,Education
516,Twogether,Blisse Collingridge,2003-08-31,Technology
517,Another Me,Aubrey Mifflin,2010-01-25,Technology
518,Boys' Night Out,Melisandra Harrington,2008-01-09,Health
519,Batman: Year One,Gearalt Tubridy,2013-08-24,Science
520,Under the Stars (Bajo las estrellas),Kai Barti,2007-05-03,Technology
521,Road Games (a.k.a. Roadgames),Gualterio Parbrook,2023-01-02,Technology
522,Year of the Horse,Nealon Roddam,2018-04-10,Education
523,Watch Out for the Automobile (Beregis avtomobilya),Shannen Bernaert,2002-11-10,Health
524,Denise Calls Up,Ernie Duchasteau,2021-04-29,Education
525,West Side Story,Karen Cruwys,2017-08-06,Education
526,Le Mans,Nobe Van den Broek,2005-11-06,Health
527,100 Bloody Acres,Abbott Bleue,2014-05-15,Education
528,Off the Menu: The Last Days of Chasen's,Andy Ianno,2019-03-16,Technology
529,"Charge of the Light Brigade, The",Falito Toothill,2017-02-14,Health
530,The Haunted House,Anstice Lidgertwood,2008-06-05,Technology
531,Godard's Passion (Passion),Selie Pollicatt,2000-04-11,Education
532,Imago mortis,Leann Dufoure,2014-12-07,Education
533,It Might Get Loud,Egon Wickerson,2011-02-17,Education
534,Exotica,Doralyn Nail,2008-06-24,Health
535,Bill Burr: Let It Go,Gillie Tollow,2021-11-03,Science
536,Paper Clips,Shannon Puckey,2005-09-10,Technology
537,Kiss Kiss - Bang Bang,Lilith Eassom,2004-11-29,Science
538,Ticked-Off Trannies with Knives,Lukas Arnaudet,2014-10-31,Technology
539,Loser,Horten Roscamps,2016-07-31,Health
540,Spawn,Appolonia Djuricic,2012-09-26,Health
541,Shoppen ,Riley Mattys,2018-06-16,Technology
542,"Prefab People, The (Panelkapcsolat)",Nadya Flinn,2019-09-05,Technology
543,Pray the Devil Back to Hell,Jemie Pagett,2020-10-04,Health
544,High on Crack Street: Lost Lives in Lowell,Hayes Gemlett,2015-03-28,Science
545,Sergeant Rutledge,Darla Threlfall,2008-01-01,Technology
546,Hansel & Gretel Get Baked,Minetta Alfonsini,2001-01-16,Health
547,S.W.A.T.: Firefight,Lelia McClory,2012-08-10,Health
548,"Great Outdoors, The",Dru Welbrock,2005-12-14,Education
549,Raintree County,Sunshine Annear,2008-03-14,Science
550,Babylon,Fanechka Nunan,2000-08-25,Technology
551,"Way Home, The (Jibeuro)",Laurene Elnaugh,2007-01-26,Science
552,Love Story 2050,Brody Hymor,2004-08-18,Education
553,Visitor to a Museum (Posetitel muzeya),Hammad Migheli,2022-06-21,Science
554,Divorce Iranian Style,Yetty Scholig,2006-12-27,Education
555,Special Mission Lady Chaplin,Christophorus Brayn,2023-12-29,Technology
556,Lethal Weapon 2,Dal Galia,2006-02-19,Health
557,Frozen,Jobyna Trimble,2007-11-18,Education
558,Deciduous Tree (Tree Without Leaves) (Rakuyôju),Regina Wandtke,2022-04-12,Education
559,"Journey of Natty Gann, The",Jenica Gonzales,2016-11-14,Technology
560,"Ape, The (Apan)",Glenine Cyphus,2024-06-04,Science
561,Casablanca Express,Yardley Grimwood,2023-11-16,Education
562,"Crow, The",Theadora Cradey,2012-01-29,Health
563,"Class, The (Klass)",Olva Mangenet,2004-12-15,Education
564,Kiss of the Spider Woman,Brunhilda Pherps,2000-03-13,Health
565,Poor Little Rich Girl,Horton Richards,2000-01-08,Technology
566,War Witch (Rebelle),Amil Cremen,2012-04-09,Education
567,Tracker,Aleta Topp,2003-06-23,Technology
568,Go Now,Emmalynn Brownsett,2014-12-12,Health
569,Shadow Man,Margy Fortin,2014-09-09,Science
570,Phoenix,Rollin Jaggers,2008-01-13,Technology
571,18 Years Old and Rising (J'aime regarder les filles),Trudy Readett,2013-04-18,Technology
572,Flash Gordon,Nicolina Mattholie,2018-02-28,Science
573,"Bête humaine, La",Rosaleen Poletto,2018-11-29,Technology
574,"Happiest Girl in the World, The (Cea mai fericita fata din lume)",Langston Pirozzi,2001-07-05,Technology
575,Dimensions of Dialogue (Moznosti dialogu),Wait Palumbo,2022-04-06,Education
576,Sun Wind (Aurinkotuuli),Roldan Tures,2002-06-11,Technology
577,Factory Girl,Towny Giffin,2018-09-10,Health
578,From the Earth to the Moon,Rea Krause,2005-12-30,Education
579,"Virgin Suicides, The",Ursulina Kitchin,2003-02-20,Technology
580,"Dirty Dozen: Next Mission, The",Zsa zsa Halligan,2010-03-05,Health
581,Blood Done Sign My Name,Harp Cordeix,2015-09-07,Technology
582,Final Destination 5,Demetris Doutch,2014-02-09,Health
583,Different from the Others (Anders als die Andern),Mara Scadden,2020-11-11,Education
584,Resident Evil: Retribution,Rustin Stainton,2011-05-09,Education
585,The Great Northfield Minnesota Raid,Alexa Tunsley,2005-11-04,Technology
586,Ten North Frederick,Hesther McKinlay,2000-03-31,Education
587,Before Flying Back to Earth (Pries parskrendant i zeme),Salomon Blucher,2009-01-30,Education
588,Rapid Fire,Wren Batchelor,2006-09-26,Education
589,Dear Mr. Watterson,Thaddeus Mutter,2004-03-24,Health
590,London After Midnight,Timi Skep,2019-01-06,Education
591,"Unbelievers, The",Nicola Cooley,2021-02-18,Science
592,Pumpkinhead,Timoteo Manuele,2005-04-15,Education
593,Warsaw Bridge (Pont de Varsòvia),Bradly Filipson,2004-12-28,Technology
594,Apache Country,Ursulina Priter,2007-03-27,Science
595,Mafioso,Hughie Barta,2022-01-27,Technology
596,So I Married an Axe Murderer,Jerry Biskupiak,2008-06-08,Technology
597,Sister Kenny,Pall Doxsey,2001-12-30,Science
598,White Fang,Dallon Aronowicz,2023-04-01,Health
599,"Pornographer, The (Le pornographe)",Alexio McCool,2007-07-04,Technology
600,"Vampires, Les",Saul Stonier,2014-07-17,Technology
601,Ninja III: The Domination,Claudie Austin,2013-12-23,Science
602,Sleep Dealer,Rochester Offin,2024-08-16,Education
603,In a Lonely Place,Yetty Boldock,2020-09-26,Health
604,Arranged,Carroll Lawry,2004-04-07,Health
605,"Keeping the Promise (Sign of the Beaver, The)",Maynord Gravatt,2005-01-17,Science
606,"Misérables, Les",Pincas McKinnell,2023-12-08,Technology
607,Stephanie Daley,Munroe Bende,2003-02-09,Education
608,How Do You Know,Blancha Shergill,2008-01-30,Technology
609,"Joker Is Wild, The (All the Way)",Hamel Castleman,2005-07-31,Health
610,Déjà Vu (Deja Vu),Ondrea Caldwall,2015-12-18,Technology
611,"Hunt for Red October, The",Zarah Showalter,2005-03-02,Technology
612,Now and Forever,Susy Stryde,2013-11-04,Health
613,After Alice (Eye of the Killer),Adrian Sellar,2014-05-10,Education
614,"Surgeon, The",Reena Dukelow,2006-02-19,Science
615,Genghis Blues,Becka Whitlam,2021-06-24,Health
616,Bomber,Lari Stubs,2015-03-23,Health
617,21 and Over,Belicia Tripp,2002-01-02,Education
618,Trailer Park Boys: Countdown to Liquor Day,Martie Hanne,2014-03-21,Technology
619,Highway Racer,Eulalie Hedgeman,2009-10-11,Science
620,Abendland,Tatiania Fownes,2002-05-13,Education
621,Joe the King,Che Dines,2009-03-09,Technology
622,Vollidiot,Lenard Shoebridge,2003-01-30,Science
623,"Diamond Arm, The (Brilliantovaya ruka)",Newton Sissons,2005-04-15,Technology
624,"I Love You, Alice B. Toklas!",Fremont Wickey,2020-11-16,Health
625,Night of the Demons,Cornall Bradlaugh,2010-04-21,Education
626,"SpongeBob SquarePants Movie, The",Edmon Longina,2009-06-10,Education
627,1991: The Year Punk Broke,Benetta Cruxton,2005-02-19,Health
628,Wonder Woman,Curtis Woolsey,2018-03-04,Education
629,"Sleeping Beauty, The (La belle endormie)",Maurits Gaunt,2007-01-24,Technology
630,"Quare Fellow, The (a.k.a. The Condemned Man)",Padraic Talby,2000-08-16,Education
631,Pacific Rim,Elwood Sumsion,2009-01-02,Education
632,That Lady in Ermine,Doretta Leathes,2017-04-12,Health
633,A True Mob Story,Agosto Kampshell,2014-03-26,Technology
634,Departures (Okuribito),Aldis Auckland,2015-01-23,Health
635,Bordertown,Orin Pratley,2022-09-28,Technology
636,House at the End of the Street,Emmalynn Fierro,2004-06-12,Science
637,Eminem AKA ,Leilah Portwain,2019-03-03,Health
638,"Story of Luke, The",Ophelie Borrott,2001-10-31,Science
639,Fantomas,Larine Surman-Wells,2014-10-17,Technology
640,Face of a Fugitive,Charles Joliffe,2008-09-24,Technology
641,"Land Before Time II: The Great Valley Adventure, The",Kennan Gemlett,2019-08-08,Education
642,12:01 PM,Jonathon Wooland,2006-06-09,Health
643,Happy Weekend,Caryn Salvage,2012-05-09,Education
644,Big Trouble,Gisele Treby,2017-03-26,Health
645,Beyond a Reasonable Doubt,Brina Walley,2006-08-26,Education
646,Jar City (Mýrin),Camella Trehearne,2012-09-03,Health
647,Tyler Perry's The Single Moms Club,Dorothy Lowless,2017-04-17,Science
648,The Third Half,Adlai Hanrott,2013-06-04,Science
649,Brutal Relax,Ardene Cathesyed,2016-10-14,Technology
650,Against the Current,Artur Dowse,2023-05-02,Education
651,Road to Rio,Gus Girault,2010-06-24,Education
652,From Noon Till Three,Rachel Gladdish,2014-12-12,Technology
653,Six Degrees of Separation,Christin Galtone,2002-03-03,Technology
654,Captain Blood,Syd Attoe,2016-11-10,Health
655,"Million to Juan, A",Delainey Bridden,2003-05-20,Technology
656,From Noon Till Three,Charlie Quibell,2005-11-29,Education
657,Road House,Garik Scotting,2017-10-23,Technology
658,Enon opetukset,Xaviera Rennocks,2006-05-13,Education
659,Dottie Gets Spanked,Enid Dils,2020-08-28,Education
660,Bambi,Elisa Pizzey,2015-08-10,Technology
661,New Kids Turbo,Row Bewshea,2008-10-13,Science
662,"Sorry, Haters",Mel Helkin,2023-05-08,Health
663,"Family Tree, The",Dalis Bleasdale,2010-08-13,Science
664,Road to Utopia,Hedvig Iglesia,2002-09-25,Technology
665,Deep Cover,Genna Philipsson,2006-05-13,Technology
666,West Beirut (West Beyrouth),Kinsley Bossingham,2023-06-03,Education
667,New in Town,Bryanty Garett,2019-11-07,Science
668,Thirty-Five Something (Tout pour plaire),Lauretta McGivena,2001-06-06,Science
669,Korczak,Che Jozef,2006-08-30,Technology
670,"Hill, The",Mercedes Gaddie,2002-03-12,Education
671,Rock-A-Doodle,Husain Kynvin,2006-08-01,Health
672,"Children of Glory (Szabadság, szerelem)",Eba Garralts,2013-10-21,Science
673,Rise of the Guardians,Eyde Finby,2011-10-18,Technology
674,Gothic,Drusie Goby,2012-01-06,Health
675,"Manitou, The",Zea Janowski,2019-07-16,Education
676,Material Girls,Hedvige Blackborn,2019-07-30,Science
677,Peacock,Cullen Stainfield,2018-02-14,Health
678,Cross My Heart,Garth Beadon,2021-01-28,Education
679,Jesse Stone: Night Passage,Shauna Haslewood,2011-04-13,Education
680,Call Me Bwana,Mikel Burland,2015-12-23,Technology
681,Abols Upe,Debra Grazier,2020-12-12,Technology
682,Ants in the Pants 2,Cort Botfield,2019-02-27,Education
683,Bread and Tulips (Pane e tulipani),Austine Fontenot,2003-05-16,Health
684,"Love Movie, The (Rakkauselokuva)",Antony Sobczak,2000-01-14,Health
685,Shine,Edd Frobisher,2009-11-04,Education
686,Sharpe's Eagle,Gunther Halgarth,2001-04-23,Technology
687,Her,Marlon Abrahamsen,2013-12-05,Science
688,Who Can Kill a Child? (a.k.a. Island of the Damned) (¿Quién puede matar a un niño?),Aleen Penelli,2021-05-13,Health
689,Little Lord Fauntleroy,Dalila Satteford,2015-08-22,Technology
690,Enemies: A Love Story,Gaylene Maffy,2001-05-14,Education
691,Commandments,Luciano Freckingham,2003-02-26,Technology
692,Everyday Sunshine:  The Story of Fishbone,Whitney Corzon,2012-02-13,Science
693,Mac and Me,Philbert Jedrych,2005-10-10,Health
694,Waterloo Bridge,Berta Tremellier,2017-01-09,Science
695,Blinkity Blank,Elena Clementson,2018-03-03,Technology
696,Guest House Paradiso,Erminia Larrett,2004-10-01,Health
697,Carol Channing: Larger Than Life,Brigida Crewes,2000-02-01,Education
698,Nancy Goes to Rio,Salli Pampling,2006-02-15,Health
699,"Angel at My Table, An",Brett Moughtin,2007-05-01,Technology
700,Always Outnumbered,Gerladina Sitlington,2008-12-31,Technology
701,Family Business,Veronica Summerlad,2020-04-02,Education
702,Office Killer,Claire Bierling,2000-06-07,Technology
703,Revenge of the Zombies,Grazia Lempenny,2018-05-11,Technology
704,Elite Squad (Tropa de Elite),Rey Simms,2013-08-23,Science
705,Branded,Donaugh Tankus,2022-08-09,Health
706,Deuce Bigalow: European Gigolo,Claiborn Weight,2013-09-15,Science
707,Ca$h,Atlanta McCahill,2011-01-20,Health
708,Roman,Maggi Foard,2006-09-30,Education
709,"Punk Syndrome, The (Kovasikajuttu)",Evangelia Dyton,2017-11-23,Technology
710,Kill Your Darlings,Bastien Warham,2001-06-18,Science
711,Coldblooded,Rubina Ribou,2021-11-01,Health
712,Never Forever,Laurie Sleany,2012-07-22,Technology
713,Made in Britain,Lucho Withur,2012-02-16,Science
714,Asfalto,Bartholomew Counter,2017-12-12,Education
715,Shaft in Africa,Carree Bygott,2007-09-08,Technology
716,Mona Lisa,Arlee Paolino,2000-04-13,Technology
717,Sweet November,Deane Saffle,2003-10-05,Education
718,Fanny,Byrle Bollans,2000-12-06,Education
719,"Beautiful Life, A",Bonnie Harrowing,2008-08-20,Technology
720,Deliver Us from Eva,Stacey Quant,2015-05-01,Health
721,A Night at the Movies: The Horrors of Stephen King,Arlinda Houtbie,2010-02-06,Technology
722,Children of the Living Dead,Fabian Waddell,2013-10-10,Science
723,These Amazing Shadows,Gilda Barltrop,2005-07-13,Science
724,Game 6,Myrta Armstrong,2019-08-01,Science
725,"Blind Menace, The (Shiranui kengyô)",Catarina Childe,2013-08-01,Health
726,Housesitter,Melva Finlan,2024-02-07,Science
727,Born to Be Wild,Consuelo Bolf,2001-12-25,Education
728,"Adventures of Buckaroo Banzai Across the 8th Dimension, The",Gregorio O'Conor,2013-11-14,Science
729,"Passenger, The (Professione: reporter)",Ewart Folomin,2012-10-22,Science
730,Chesty: A Tribute to a Legend,Jonis Klimsch,2020-02-08,Education
731,"Black Stallion, The",Meghann Spadollini,2000-01-22,Science
732,Dark Blue,Dunstan Lawler,2008-09-02,Health
733,Gangs of New York,Siobhan Tuckwood,2014-08-08,Science
734,Land,Maynord Evett,2000-08-28,Technology
735,"Last Flight of Noah''s Ark, The",Camel Farrent,2024-01-17,Science
736,Stray Dogs,Marika Clougher,2023-02-04,Education
737,Mike Birbiglia: What I Should Have Said Was Nothing,Naomi Service,2013-10-09,Health
738,"Road to El Dorado, The",Vivi Rawet,2013-07-18,Technology
739,Siegfried & Roy: The Magic Box,Vinny Chamberlen,2001-02-03,Education
740,Dr. Seuss' The Lorax,Lewiss Hainey`,2000-12-18,Technology
741,Sodom and Gomorrah,Addy Grazier,2017-01-17,Technology
742,"Spirit, The",Rodger Grand,2014-02-16,Education
743,Dragon Day,Morrie Sargint,2018-10-19,Technology
744,My Life in Pink (Ma vie en rose),Moll MacArthur,2012-11-30,Education
745,"Neighbor, The",Aurilia Prandin,2003-10-07,Technology
746,"Patience Stone, The",Sheree Pendle,2022-09-17,Science
747,"Bribe, The",Lily Robez,2010-12-23,Education
748,Look Back in Anger,Flore Einchcombe,2001-04-25,Education
749,Lost Souls,Maureene De Filippi,2015-10-05,Science
750,Corridors of Blood,Isadora Widdup,2019-11-21,Health
751,"Song of Sparrows, The (Avaze gonjeshk-ha)",Charlotte Terne,2002-09-18,Health
752,Chesty: A Tribute to a Legend,Corey Kohrding,2009-09-02,Health
753,Detention of the Dead,Fidelio MacLeese,2012-12-10,Science
754,Woman of Antwerp,Mira Geaveny,2008-03-27,Technology
755,Iron Eagle II,Eugenius Pembridge,2004-05-29,Education
756,"Dark Lurking, The",Callida Jays,2005-04-06,Technology
757,"Big City, The (Mahanagar)",Abram Lashbrook,2000-12-18,Technology
758,"Promise, The (Wu ji)",Layla Glyssanne,2003-11-20,Science
759,Bad Biology,Keary Meenan,2014-05-10,Health
760,Lambada,Elenore Lindblad,2020-01-18,Health
761,Spiritual Kung Fu (Quan jing),Benjamen Mc Ilwrick,2005-08-22,Technology
762,Rhapsody in Blue,Bernete Toping,2023-03-28,Science
763,Lucy,Duffy Charkham,2004-05-26,Science
764,Dead Man Walking,Prudence Luckcuck,2014-10-10,Technology
765,Wolfen,Luci Crocroft,2021-09-10,Education
766,Frantic,Oneida Lyte,2017-01-16,Education
767,World on a Wire (Welt am Draht),Ricard Shew,2022-11-16,Science
768,American Friends,Mae Knott,2017-01-15,Science
769,"Hard Way, The",Berta Rackham,2005-10-06,Science
770,"Great Locomotive Chase, The",Edmon Grishenkov,2014-02-13,Science
771,Electric Dreams,Caresse Cowper,2012-12-04,Technology
772,"Climb, The",Malorie Colleton,2006-12-23,Technology
773,Resident Evil: Damnation,Tedman MacNish,2010-02-20,Education
774,"Perfect Man, A",Vanny O'Corrigane,2023-03-31,Technology
775,"Rise and Fall of Legs Diamond, The",Olenolin Itzkovici,2009-01-31,Science
776,Peter Pan,Rurik Crockley,2001-04-01,Health
777,"Giant Claw, The",Gery Amori,2023-09-13,Science
778,"Play It Again, Sam",Hamish McGerr,2023-05-16,Health
779,Full Frontal,Sallyanne Janaszewski,2011-07-30,Health
780,"See You Tomorrow, Everyone",Fernande Corneck,2010-06-03,Health
781,Haunted Honeymoon,Diena Crews,2013-11-14,Technology
782,Young People Fucking (a.k.a. YPF),Roxane Dubose,2003-09-27,Health
783,Generation Iron,Kathe Naptine,2016-03-25,Technology
784,Be Kind Rewind,Marcella Boadby,2010-09-24,Technology
785,Codependent Lesbian Space Alien Seeks Same,Donnie McLelland,2014-06-14,Education
786,Maryam,Ashly Goldwater,2013-10-22,Science
787,"Billy Blazes, Esq.",Danna Vedishchev,2003-03-11,Science
788,Christiane F. (a.k.a. We Children from Bahnhof Zoo) (Christiane F. - Wir Kinder vom Bahnhof Zoo),Hillyer McCarle,2023-07-21,Science
789,"When Time Ran Out... (Day the World Ended, The)",Carlin Hallihane,2011-11-09,Science
790,Message to Love: The Isle of Wight Festival,Minta Attaway,2001-06-09,Health
791,Bug,Bernadine MacSporran,2023-09-19,Technology
792,Wassup Rockers,Leesa Hindes,2002-05-09,Technology
793,Honeymoon,Berni Pauncefort,2003-09-10,Health
794,All the Real Girls,Orazio Kinloch,2020-01-12,Technology
795,Unconditional,Noble Sisnett,2011-12-02,Technology
796,Deceived,Blanca Purves,2015-05-19,Science
797,Night Terrors,Rowan McLae,2018-05-19,Health
798,Plastic Paradise: The Great Pacific Garbage Patch,Garfield Sanbroke,2007-12-05,Education
799,"Suspended Vocation, The (La vocation suspendue)",Teddie Ellison,2012-11-26,Technology
800,Cose da pazzi,Marleah Kneafsey,2000-06-25,Education
801,"Happy Ending, The",Cornell Stopp,2009-04-26,Health
802,"America, America",Donall Hallwood,2012-03-01,Science
803,Birdemic: Shock and Terror,Rhody Clipsham,2005-06-02,Technology
804,Katy Perry: Part of Me,Ilyssa Diggens,2007-01-04,Science
805,Appointment in Tokyo,Ellie Antonsen,2014-01-25,Education
806,King Solomon's Mines,Charity Ugolini,2019-07-08,Technology
807,Star Trek II: The Wrath of Khan,Winnie Sanchez,2004-08-25,Science
808,Numbskull Emptybrook in the Army (Uuno Turhapuro armeijan leivissä),Vasilis O'Duilleain,2001-11-23,Education
809,Jane Eyre,Hogan Gatesman,2015-04-10,Health
810,"Larceny, Inc.",Fancie Wimmer,2005-05-04,Technology
811,"Slammin'' Salmon, The",Chastity Bruckman,2014-01-08,Science
812,Million Dollar Mystery,Andras Imort,2022-10-20,Science
813,Rise of the Guardians,Shaine Rosling,2011-04-12,Technology
814,Boricua's Bond,Freddy Jarry,2022-11-29,Technology
815,"Better Tomorrow, A (Ying hung boon sik)",Cynthia Akehurst,2022-04-14,Health
816,Saint Ralph,Gusella Rowthorn,2012-12-12,Technology
817,Niagara,Lazare Melross,2012-07-28,Technology
818,Games,Urbanus Alentyev,2012-09-13,Health
819,Solo ,Norri Huntingford,2017-11-07,Health
820,Victor/Victoria,Casar Hise,2012-09-29,Technology
821,Bajo la Sal (Under the Salt),Martyn Olwen,2006-04-11,Education
822,Akira Kurosawa's Dreams (Dreams),Rurik Kaming,2014-09-05,Science
823,"Hypnotist, The (Hypnotisören)",Enriqueta Brunn,2015-08-01,Education
824,Defenseless,Nissa Tomet,2021-09-29,Technology
825,"First Nudie Musical, The",Osbourne Melmoth,2019-04-24,Education
826,"Women, The",Riccardo Huey,2019-06-25,Education
827,"Drawn Together Movie: The Movie!, The",Kenyon Ruscoe,2020-10-22,Technology
828,"My Son, My Son, What Have Ye Done",Beulah Fewell,2016-11-15,Science
829,Starship Troopers: Invasion,Velma Bentzen,2000-09-20,Health
830,"Spanish Main, The",Aldrich Chapman,2002-11-30,Education
831,"Return of Don Camillo, The (Retour de Don Camillo, Le)",Dermot Loncaster,2010-09-14,Education
832,From Zero to Hero,Jo-ann Partrick,2014-11-06,Science
833,Lasa y Zabala,Roger Swainsbury,2002-11-30,Education
834,Pauly Shore Is Dead,Osbert Bruno,2010-03-28,Science
835,King Kelly,Bili Bemment,2012-03-13,Health
836,Elizabeth: The Golden Age,Ursulina Danaher,2024-06-12,Health
837,"Personal History, Adventures, Experience, & Observation of David Copperfield the Younger, The (a.k.a. David Copperfield)",Kippie Orwin,2019-02-08,Technology
838,Safe Haven,Skye Lappine,2015-11-25,Education
839,Rory O'Shea Was Here (Inside I'm Dancing),Christal Maddams,2006-04-16,Technology
840,"Place at the Table, A",Karlik Yakovlev,2006-10-21,Technology
841,Jay-Z: Made in America,Esmeralda Swaile,2013-01-23,Health
842,Hillbillys in a Haunted House,Marsiella Ollerhad,2001-05-21,Science
843,Iran Is Not the Problem,Merilyn Mattocks,2002-07-02,Education
844,Would You Rather,Ninette Drain,2012-01-04,Science
845,31 North 62 East,Clemence Headey,2015-10-26,Science
846,"Cat in Paris, A (Une vie de chat)",Wynny Siggins,2011-10-01,Science
847,Yrrol: An Enormously Well Thought Out Movie (Yrrol - en kolossalt genomtänkt film),Maegan Fricker,2009-04-18,Technology
848,Tidal Wave,Templeton Yansons,2013-08-01,Health
849,Zombeavers,Jyoti Scandrite,2009-09-12,Technology
850,The Castle of Fu Manchu,Ilsa Battershall,2015-02-26,Science
851,"Rocketeer, The",Timotheus Camel,2006-07-19,Health
852,Seven Beauties (Pasqualino Settebellezze),Celine Dufall,2017-04-09,Health
853,"O Brother, Where Art Thou?",Lin Coaten,2007-05-12,Technology
854,Shag,Muire Schaumaker,2002-05-19,Health
855,Nuts,Stuart Hendrickson,2014-11-21,Health
856,"Late Shift, The",Ludovico Hemms,2014-02-11,Science
857,"Strange Love of Martha Ivers, The",Fowler Vannuccini,2010-07-12,Science
858,Star Wars: Episode II - Attack of the Clones,Brodie Polotti,2021-03-18,Technology
859,"Unbearable Lightness of Being, The",Kerwin Stokey,2006-01-28,Education
860,Full Eclipse,Sergeant Botcherby,2005-09-02,Health
861,Rules of Engagement,Derby Goodsell,2010-04-05,Science
862,Not Without My Daughter,Orella Laven,2021-06-09,Education
863,"Year One, The (L''an 01)",Francklin Locks,2013-05-26,Science
864,"Last Days on Mars, The",Charmian Vogl,2012-07-13,Health
865,What If... (An...),Ruggiero Brailey,2023-11-12,Science
866,Executioners (Xian dai hao xia zhuan),Maude Fishe,2014-10-09,Health
867,War of the Worlds,Beverie Betteridge,2016-03-08,Health
868,"Shepherd of the Hills, The",Wallache Sampey,2018-12-05,Science
869,"Entertainer, The",Stanislas Guerriero,2021-03-27,Technology
870,"Special Day, A (Giornata particolare, Una)",Merwyn Bucknall,2008-02-06,Education
871,Icon,Myca Gossart,2012-02-20,Education
872,Direct Contact,Mellisent Shrieves,2009-11-26,Science
873,Friday the 13th Part 3: 3D,Tessie Tordiffe,2023-10-29,Technology
874,Doctor Who,Kerby Szymczyk,2013-09-09,Technology
875,"Horse in the Gray Flannel Suit, The",Norry Iddins,2007-01-30,Health
876,Heiter bis wolkig,Helenka Troy,2004-07-22,Technology
877,Back to the Future,Cindra D'Oyley,2018-05-11,Health
878,Springtime in a Small Town (Xiao cheng zhi chun),Mill Skittreal,2015-03-21,Science
879,Much Ado About Something,Freddie Bonn,2009-09-04,Science
880,"Journey, The (El viaje)",Francesca Minister,2002-03-22,Education
881,Our Family Wedding,Chrysa Clibbery,2010-07-20,Education
882,"Poseidon Adventure, The",Chauncey Slamaker,2022-03-19,Health
883,Rampo (a.k.a. The Mystery of Rampo),Florette Murrock,2003-12-15,Technology
884,Boats,Raimund Fassam,2000-06-28,Health
885,Barbie: A Fashion Fairytale,Brittan Corkell,2005-11-27,Science
886,Night Falls on Manhattan,Aksel Kemet,2008-07-02,Education
887,"Petrified Forest, The",Krispin Strangwood,2004-07-11,Technology
888,"Last Season, The",Corene Cosgrive,2016-10-30,Education
889,Killing Kasztner,Michael Ralestone,2004-03-25,Education
890,Operation Daybreak,Chloris Withur,2015-08-06,Science
891,More,Danyette Burry,2005-01-28,Technology
892,Tunes of Glory,Othello Walentynowicz,2002-06-24,Technology
893,Beyond the Clouds (Al di là delle nuvole),Pace Dunstone,2018-03-19,Education
894,Reykjavik Whale Watching Massacre,Bone McGilvra,2010-01-09,Technology
895,Penn & Teller Get Killed,Burk Hayselden,2019-07-09,Health
896,Coming Home,Kristoffer Grenshields,2015-02-03,Technology
897,Ocean's Twelve,Nicola Showler,2003-06-19,Technology
898,Angel-A,Lionello Gipp,2020-03-24,Education
899,"Parisienne, La (Une parisienne)",Eleanora Hotton,2000-03-08,Technology
900,Scream of Fear (a.k.a. Taste of Fear),Symon Menhenitt,2002-07-23,Health
901,The Amazing Spider-Man 2,Abelard Vaissiere,2003-04-26,Science
902,"In Crowd, The",Granthem Sansom,2014-01-22,Technology
903,Metro Manila,Alvis Thomassin,2015-05-22,Health
904,"Stuff, The",Adrea Cambling,2013-02-16,Technology
905,BloodRayne: The Third Reich,Cesaro Caldecot,2010-09-06,Education
906,Opera Jawa,Elmira Leydon,2024-02-07,Technology
907,Shallow Hal,Vinny Mayworth,2000-07-07,Technology
908,Daria: Is It College Yet?,Enriqueta Szymanski,2010-08-20,Technology
909,Stuck ,Brennen Dryden,2022-08-02,Education
910,Ambush (Mai fu),Elvina Dyble,2000-07-29,Technology
911,We Can Be Heroes,Ranna Conibear,2013-02-05,Health
912,Bill Maher... But I'm Not Wrong,Pascale Sadler,2013-02-08,Technology
913,"Navigator, The",Krista McParland,2011-12-07,Health
914,Charlie Chan at the Wax Museum,Hillery Prevett,2000-01-30,Science
915,"Kings of Summer, The",Sandie Siberry,2007-03-26,Education
916,"Dirty Carnival, A (Biyeolhan geori)",Denys Oldford,2016-08-29,Health
917,Nothing About Robert (Rien sur Robert),Coralie Twede,2013-06-21,Education
918,Teacher's Pet,Mei Anfusso,2013-07-15,Health
919,"Children of Heaven, The (Bacheha-Ye Aseman)",Field Shevels,2017-04-23,Health
920,Tenacious D in The Pick of Destiny,Darnell Suero,2022-10-13,Health
921,Road to Redemption,Florian Derr,2001-12-16,Education
922,"Prophet, A (Un Prophète)",Viviana Barcroft,2010-11-29,Health
923,Chuck Berry Hail! Hail! Rock 'n' Roll,Welsh Gallaccio,2016-11-07,Health
924,"Disappearance of Eleanor Rigby: Them, The",Rockie Wathey,2019-07-11,Science
925,"Fall of the House of Usher, The (chute de la maison Usher, La)",Gloriana Grundy,2010-10-18,Science
926,Camp,Nanette Willock,2012-12-21,Science
927,"War of the Gargantuas, The (Furankenshutain no kaijû: Sanda tai Gaira)",Ellwood Murty,2021-09-14,Health
928,Expecting a Miracle,Mikael Stembridge,2003-11-17,Education
929,"Joyless Street, The (Die freudlose Gasse)",Hodge Gimeno,2009-09-25,Science
930,Let Him Have It,Carilyn Saunier,2018-07-08,Health
931,Manhunter,Trish Baroux,2019-12-06,Technology
932,Finisterrae,Adina McCandie,2012-09-29,Education
933,Illusion Of Blood,Marlow Snawdon,2003-02-11,Health
934,I Know That Voice,Evin Fattorini,2019-01-05,Science
935,Howling IV: The Original Nightmare,Addy Gotter,2019-03-08,Technology
936,Agnes Browne,Ingra Grishanin,2006-05-17,Health
937,McConkey,Elladine Turville,2018-12-03,Health
938,Takva: A Man's Fear of God,Farlie Shew,2017-05-17,Health
939,Walter Defends Sarajevo (Valter brani Sarajevo),Basil Grenshields,2024-07-20,Education
940,Butterfly (La lengua de las mariposas),Barbey McDool,2005-03-13,Health
941,Bay of Blood (a.k.a. Twitch of the Death Nerve) (Reazione a catena),Wilone Brobak,2013-08-06,Health
942,Indian Summer,Petr McHale,2009-12-27,Health
943,Bad Luck (Zezowate szczescie),Enrica Mollen,2007-12-17,Technology
944,Retro Puppet Master (Puppet Master 7),Sadie Mabbutt,2023-07-01,Health
945,Gone to Earth,Waiter Shoorbrooke,2006-05-22,Health
946,"Pick-up Artist, The",Sylas Lovelace,2001-12-14,Education
947,Bringing Up Bobby,Agustin Brisland,2023-05-22,Education
948,"Shadow Riders, The",Kent Bubeer,2014-08-12,Science
949,Slam Dance,Faulkner Toynbee,2005-11-13,Science
950,Drive Angry,Kassey Brickner,2021-04-09,Health
951,Calendar,Sophronia Pankhurst.,2011-07-14,Education
952,Blind Justice (Hævnens nat),Bronson Braywood,2016-01-17,Technology
953,American Addict,Kristopher Plaunch,2001-10-02,Science
954,Nymphomaniac: Volume II,Fallon Swindles,2003-11-07,Technology
955,First Men in the Moon,Sherri Kasher,2004-02-20,Education
956,Heckler,Tabitha Caswall,2018-11-10,Health
957,This Gun for Hire,Waring Scripps,2008-05-31,Education
958,Hands Over the City (Le mani sulla città),Retha Napoli,2000-01-10,Technology
959,Candyman,Lemmy Livett,2020-04-12,Education
960,Top Dog,Heinrik O' Dooley,2022-11-10,Education
961,"Adventures of Buckaroo Banzai Across the 8th Dimension, The",Charmane Priddis,2010-12-15,Health
962,Kanal,Kelsey Leaney,2004-01-06,Technology
963,Racing with the Moon,Lothaire Poncet,2024-06-13,Science
964,We Can Be Heroes,Leilah Dadds,2017-04-24,Technology
965,Soundbreaker ,Angelle Dobing,2013-08-15,Science
966,Around the World in 80 Days,Abdul Suller,2018-07-22,Technology
967,Prime,Neils Brasner,2020-05-06,Education
968,Haywire,Jayson Yellowlees,2021-09-22,Education
969,Lamerica,Daffy Greensides,2000-08-02,Education
970,976-EVIL,Wallie Quest,2007-12-20,Education
971,"Missing Person, The",Delila O' Finan,2009-07-16,Health
972,Phantom of the Opera,Umberto Djekic,2011-07-19,Technology
973,"Night of the Hunted, The (Nuit des traquées, La)",Caria Olivetta,2022-09-16,Science
974,On the Threshold (Lars i porten),Sile McElmurray,2008-06-28,Education
975,Journey from the Fall,Kellina Thomas,2005-12-19,Education
976,"River Wild, The",Korey Wellesley,2020-04-22,Science
977,"Statue of Liberty, The",Man Eblein,2017-01-08,Science
978,Why Stop Now,Isidor Jolliman,2023-08-03,Health
979,Code Name Coq Rouge,Delly McCrea,2007-04-10,Science
980,Hands of the Ripper,Seth Limbrick,2008-03-13,Science
981,Cry of the Banshee,Genia Gorham,2012-11-27,Technology
982,Ingmar Bergman Makes a Movie (Ingmar Bergman gör en film),Elna Allin,2023-04-04,Science
983,Serial Mom,Christoph Souster,2000-12-22,Science
984,Matilda,Benson Kropp,2010-01-21,Technology
985,Blues Harp,Damita Curuclis,2007-01-25,Science
986,Quintet,Trudi Whitefoot,2024-01-18,Education
987,Limbo,Kendre Mingaud,2010-04-08,Education
988,Ghostbusters II,Fayina Miguet,2006-02-17,Technology
989,Let's Make Love,Giselbert Leddie,2001-02-08,Education
990,Wetherby,Ario Drinkale,2024-08-11,Technology
991,World War Z,Kiri Iacabucci,2000-01-27,Health
992,Election,Wilbert Tows,2015-01-19,Science
993,"Net, The",Drew Kupke,2017-10-10,Education
994,Key Largo,Kristina Tildesley,2000-12-16,Health
995,Triple Cross,Barnaby Burkert,2007-03-31,Technology
996,"Riot Club, The",Saleem Dullard,2007-01-17,Science
997,Zardoz,Ethelbert Brough,2004-03-10,Health
998,I Capture the Castle,Derrick Doring,2015-02-06,Technology
999,Havana,Lynnett Madner,2016-12-17,Science
1000,Tracy Morgan: Black and Blue,Simona Snodin,2011-01-23,Health
